banco,mes,year,roa,size,cap,loan,dep,prov,pbi,tc,i,ftamn,tpmn
Banco Continental,enero ,2014,-1.39651378925354,1.5742780121049,-2.12765957446808,-0.344275576411848,-2.27499875053622,2.433740825281,4.22816443319077,8.4829845503721,0,0,0
Banco Continental,febrero,2014,-1.07381600326387,-0.409830551218693,0,-1.14956901647509,2.86127266140185,1.6005797938846,5.20823179633005,6.31387206602532,0,0.924318227555438,0.372472507981552
Banco Continental,marzo,2014,-0.186995216925711,1.43180935591909,-0.644122383252819,-0.278344434585045,-0.880068417075638,-0.64146545281392,5.41227520969711,6.23702300998455,0,-1.80573718037895,0.424103198444967
Banco Continental,abril,2014,-0.129499516025609,-0.927137192065416,0.405186385737445,-0.734347542753864,2.15762186490754,2.2557181185663,2.92329434852197,5.94757916413585,0,-2.9383429672447,0.989794122822451
Banco Continental,mayo,2014,-0.123079928324723,0.897955297961619,4.51977401129942,-0.999196464702485,0.124882809294904,1.21611028823339,2.5905331111518,3.93830325468327,0,5.72665790882109,2.01245807379012
Banco Continental,junio,2014,0.23466185390662,-1.80636356711131,0.23166023166024,-0.110546389388864,-0.815649283111196,-5.13799856413555,0.378163855204799,0.347081804547572,0,5.47768062586286,2.60899269823648
Banco Continental,julio,2014,-1.33170758483767,3.95917951265403,1.92604006163328,-0.731335065501841,-1.21450308520459,1.76568863482728,1.44991902920236,-0.962207883132976,-6.25,-6.22504941034803,-0.836454431960059
Banco Continental,agosto,2014,-1.08876264020111,1.38613681805479,-2.49433106575964,-1.18723524152936,0.681277382332352,0.265158682941505,1.35323588063804,-0.509538357500744,0,-1.52139018773118,-2.14024927609214
Banco Continental,septiembre,2014,-0.850818508229873,3.99598314908652,-1.16279069767442,-0.348005186810414,-5.68933922413042,-2.02161137965263,2.67317275379179,1.98905171859726,-6.66666666666667,-2.55214607989039,-0.338779536000696
Banco Continental,octubre,2014,0.43923618249515,-2.00322988138212,11.6078431372549,0.169622484097601,2.46422368544541,1.52917831700514,2.27335718776672,3.49542159747155,0,-4.66588772586455,-0.65834767641996
Banco Continental,noviembre,2014,-1.04254633877077,1.32186586375993,-0.913562895291643,-0.927221738878497,0.3984791702049,-0.232148722265122,0.157154628621769,2.67568678427469,0,6.70975747435655,-0.710356477671416
Banco Continental,diciembre,2014,-0.0294379829796454,1.46693878980751,-0.141843971631203,1.14146066285619,-2.5349214297475,-2.45129112061274,0.793651694563594,3.78621079379893,0,-1.96203647662665,-0.802687257339798
Banco Continental,enero ,2015,-0.24375769700261,3.43525797150852,-2.13068181818182,1.0750972002558,1.05090493479193,3.71189879444406,1.5598279965584,3.71579796056041,-7.14285714285714,-7.87347605436622,-1.27973965433835
Banco Continental,febrero,2015,-0.609221377201675,2.60607663660167,-0.145137880986935,1.48515961773679,-1.97579024333859,0.653017955474489,1.23216053850744,6.4774062244866,0,-2.29211846833299,-1.1047754811119
Banco Continental,marzo,2015,-0.54460648836618,1.48508818378337,-2.25290697674419,2.57359312548477,-1.83455034223241,-2.28680638666278,2.93464556248251,6.85770961840168,0,6.93614148778184,0.364864864864855
Banco Continental,abril,2015,0.0159483897492019,2.20001712410834,1.41263940520447,0.556514598195097,0.854267632787117,1.84381733952677,4.19581948490056,8.16463718634215,0,-6.39618757122651,-0.602905315440503
Banco Continental,mayo,2015,-2.93215629544155,0.737846165301277,-0.320734799475962,-0.175727226291366,-2.28989426452162,1.35030386119129,1.28136437046267,9.31690161543347,0,4.42488220695628,2.64298615291977
Banco Continental,junio,2015,-1.38807295909524,2.61005256675089,-0.855028101048638,0.37018658172956,3.12298741950825,-4.92186167316791,4.08388439643235,9.39620098830411,0,6.8311332696133,-1.12176667253212
Banco Continental,julio,2015,-2.3028943219272,6.26006146466675,-2.89317507418398,-0.700840927729456,-7.54559899053192,1.17917110424876,3.60173354116187,10.4417654020552,0,-9.43190006625496,-1.53490234461894
Banco Continental,agosto,2015,0.398599046863418,-3.39709969621885,5.3475935828877,0.133688129027736,3.58683417750653,2.63685391660071,2.66913960277215,10.8056885884332,0,2.48726464965773,1.92481474787637
Banco Continental,septiembre,2015,-2.77242251913007,4.31332185348875,0.797679477882532,-1.12550066880516,-1.8821826382225,-1.44889558389944,3.18865379850733,8.12128584810958,7.69230769230769,-2.54360919492322,4.8408546856991
Banco Continental,octubre,2015,-3.08651312616192,6.48087677713841,0.35971223021582,-2.05999797470038,-1.44089741496405,1.15059895593206,3.27516366147704,8.01693724096263,0,-0.299385191125354,0.579690377139945
Banco Continental,noviembre,2015,-1.79376069232389,-0.987736620594208,-0.430107526881711,-0.0525786924137914,-0.39027006611442,-4.70810589768949,3.94509210356024,10.0507941640708,0,5.86090406992332,1.90398698128538
Banco Continental,diciembre,2015,-3.47745465957839,0.402470098724083,-2.51979841612672,0.296768799524931,2.5040484858219,-1.01331829831413,6.51171232918273,10.2078040355097,7.14285714285714,2.09705197041839,-0.688943894389427
Banco Continental,enero ,2016,-1.53317122074104,-1.10389237329608,-1.69867060561299,-2.32810956450531,-0.0430861602937725,4.1413097371456,3.5371521375162,10.8294475354414,6.66666666666667,-0.00396904147647418,3.77186059070327
Banco Continental,febrero,2016,-2.03903471914622,1.0221739987666,0.601051840721263,-1.8135347088234,0.236925761532721,1.07524549996342,6.42260004513846,10.1154155013125,6.25,3.78066206239581,2.87818742244105
Banco Continental,marzo,2016,-2.71485029866885,-0.418867824551834,-1.64301717699776,-2.9789310704734,-2.03245140785534,-4.07084607639,3.55575312326125,6.56728858830644,0,0.400627235002773,1.70817120622569
Banco Continental,abril,2016,-1.25422217267755,-3.26246298430078,5.46697038724374,-1.32826762084504,0.970040091160723,-0.264866782158729,2.77589033642784,2.98711560033186,0,-3.6522070377601,-0.00765140211943754
Banco Continental,mayo,2016,0.0023402330575488,0.745644877267356,-0.863930885529165,-1.31825733624143,-0.538175612883356,2.86898072862778,4.88167970405086,3.2407561971865,0,3.3774834437086,3.5352182729464
Banco Continental,junio,2016,-1.08713109530103,-2.18943513802341,-0.290486564996363,-1.66031999047539,3.06333845769994,2.19792855905166,3.58660677418531,2.53373222271981,0,1.01637870863491,-2.23199438306049
Banco Continental,julio,2016,-0.845340600109442,2.83377151520844,0.65549890750182,-0.218807477666787,1.70105069877762,-2.21517484710267,3.58565807308168,1.54312343063299,0,-5.23189777567439,2.19979589522621
Banco Continental,agosto,2016,-1.45258002746012,-0.919990793633432,4.0520984081042,-0.661279200656846,0.580059795580224,2.34686732695882,5.77586891584902,1.0446439766577,0,2.19431196783939,0.273678760309186
Banco Continental,septiembre,2016,0.862292752991017,-1.89931884953388,1.73852573018081,0.426525215712034,0.2267436414079,1.36654808852264,4.50729813674215,3.39100320029894,0,2.69792170602866,-0.232360860104008
Banco Continental,octubre,2016,-0.931534675138092,-0.72884130503973,0.205058099794938,0.867061916924482,-0.27419768914994,-1.05758235901809,2.17618180089317,2.45176633736668,0,1.63970308336507,0.114602587800365
Banco Continental,noviembre,2016,0.221186313079187,1.17409848917017,-0.818553888130975,-0.628976848886625,0.111176562693903,1.19246548093932,3.50990366366722,0.350360665287478,0,-1.30567493422469,-1.39581256231305
Banco Continental,diciembre,2016,1.55186022625234,1.80295413545549,0.687757909215966,-2.38309864648735,2.34545486350848,-4.52222987897666,3.46246604858045,-0.752957451370624,0,0.33156718860432,-1.49795903082051
Banco Continental,enero ,2017,-0.302511169597024,-1.88579066898584,-2.66393442622951,0.797067185646255,0.642085361002031,5.06500217831276,5.04885358614208,-3.3934518135208,0,1.89252822481515,2.64988784549291
Banco Continental,febrero,2017,0.530556439267806,1.32652682939241,3.1578947368421,-0.189540762743733,0.17413659560554,2.12697376103564,0.814643128455247,-7.47993879894207,0,1.08482314784311,1.25555555555556
Banco Continental,marzo,2017,1.96149272529595,-3.1100027683771,1.70068027210884,-0.148463739895774,-0.000958229030502254,-1.35925664920999,1.16526007928752,-5.68426594595316,0,1.34032874775656,-0.958337905556173
Banco Continental,abril,2017,0.184082231669149,-0.204061938889813,0.200668896321078,0.205270314672103,-0.130786901858052,4.78817795398022,0.307665923594862,-3.05933993285865,0,-3.89850392024532,0.0221590279573045
Banco Continental,mayo,2017,1.04618212139127,1.3602903208258,2.06942590120159,1.08520459682859,0.357547886978751,1.69895306114679,3.64556261170591,-2.93561088564449,-5.88235294117647,7.3756893057454,0.779086511833996
Banco Continental,junio,2017,-1.11350488227854,-4.6151865903655,-0.654022236756047,0.394759502963792,0.745682019511398,-1.32371113023474,3.96473699535329,-2.52453312490026,0,-0.115003577401355,-0.260130431596684
Banco Continental,julio,2017,2.3958700040354,-2.55177284876636,-0.72416063199473,0.540637477369338,0.739071814118814,3.13066109221116,2.21684407964053,-2.58656269716097,-6.25,-2.44202551448649,-1.04323549939389
Banco Continental,agosto,2017,0.807506232873425,4.79045850441,1.39257294429708,0.266161606290272,-3.92772320573771,0.106306299174022,2.86467895140681,-3.91259940454829,0,0.629279279279285,-1.3660492223171
Banco Continental,septiembre,2017,-0.458594938188126,2.71900997657252,-0.588620013080444,-0.0385449023721812,4.009294272517,-6.30201022465186,3.34944212865793,-4.688569843468,-6.66666666666667,7.30672300881391,-2.29949945429226
Banco Continental,octubre,2017,0.498643777639147,0.487688323199744,-3.94736842105263,-0.549328319808121,-2.13740120721261,0.837335394936229,3.60377185397213,-3.98338518177293,0,-3.75479726347406,-0.392912172573198
Banco Continental,noviembre,2017,0.0129823639647507,-1.48638853700774,0.479452054794522,0.0452880345901901,2.7883148931604,-0.346008433693183,2.01793210582757,-4.15425007598351,-7.14285714285714,0.289529687628677,-1.78281382937582
Banco Continental,diciembre,2017,1.79583827990899,0.947140416638101,-2.1813224267212,-0.114595368985956,-1.5742585681024,-7.85477149145682,1.41855918818454,-3.69148976773179,0,-5.67534044695682,-3.09879119581053
Banco Continental,enero ,2018,1.12938316780317,-0.306962649771601,-1.04529616724739,-0.193871390171373,-1.28320629784594,4.51845120983615,2.83257693967144,-2.96049091037661,-7.69230769230769,3.34471146136399,-1.64160910199106
Banco Continental,febrero,2018,0.0820136233850651,-1.21062715409271,1.05633802816902,0.632806866238691,1.37272564858165,3.1147594358737,2.66509376642648,0.665371025413913,0,1.88823125180112,-3.13971742543171
Banco Continental,marzo,2018,0.193743174446297,2.34105616217466,-0.139372822299649,-0.0643237699975748,-1.53991250645094,-3.50627995715888,3.85040346809552,1.61938755312789,-8.33333333333333,-4.93442523083885,-2.49509511217265
Banco Continental,abril,2018,0.126973264988888,-2.16958003032665,4.53593859036986,0.0768946453834631,1.59819906302993,3.11658464682191,8.06179376144974,1.44281018791629,0,-9.08758021549476,-2.29211320589651
Banco Continental,mayo,2018,1.76618966526639,-1.99029573034335,0.734312416555403,0.116384968647338,2.69387275827143,0.487966530825868,6.69832228532294,1.87641314850616,0,-0.76225959117913,-1.53556878721404
Banco Continental,junio,2018,1.30967132104113,-0.723863924899986,-0.994035785288273,0.0896954796966782,-2.28741862784242,-2.84700329740458,2.08710102963386,1.51965600142284,0,3.58233640782117,2.75529689915431
Banco Continental,julio,2018,-1.54837901732575,0.443408159173882,-1.00401606425703,-0.0601561772121197,3.07834509178393,4.0235825410264,2.64397825162087,2.17518101577417,0,0.409468719234747,0.0265486725663884
Banco Continental,agosto,2018,-0.182762137167138,1.29615886988896,0.608519269776887,0.369505802009808,0.272723684550809,3.00662845998876,2.33711504652624,3.07339730664957,0,-0.0185363141027119,0.044236043528262
Banco Continental,septiembre,2018,0.0735186319732266,-1.40547823048239,0.940860215053755,-0.146077304829548,3.23723434365782,-3.85269208401727,2.43822935032069,3.01108443150001,0,0.695240650842818,1.09214715245844
Banco Continental,octubre,2018,1.50552509810121,3.70413874678329,-1.99733688415445,0.898746880970425,-7.25054485369034,1.93914862363431,4.11082944921829,3.23514443718464,0,-2.4865545811328,2.26566942221054
Banco Continental,noviembre,2018,1.09874088798823,-1.3833795740148,-0.815217391304355,0.732658568005493,4.48204356984401,2.44267568696557,5.10292033913879,4.14948663068968,0,0.318993530691946,0.637269577862382
Banco Continental,diciembre,2018,1.49870800172237,-0.3380531673466,-0.890410958904103,0.789356895559527,1.39028246604804,-5.18905730985657,4.74988708744327,3.34383645619932,0,3.84101040118869,0.271993200169985
Banco Continental,enero ,2019,-0.0104223311685387,5.01477075509658,3.31720801658603,0.266608642653418,0.376694159883061,2.57592900939409,1.7532760764844,3.41428343611001,0,-4.29896735112446,2.75917606171061
Banco Continental,febrero,2019,0.398275330210949,-3.13274757690991,0.401337792642144,0.287240984129839,1.33568719546744,3.60922869325882,2.13492375035078,1.76593631187655,0,3.87207065320322,1.89317385027841
Banco Continental,marzo,2019,0.371794972947414,5.02316966232513,1.46568954030647,0.938153597533193,-0.692489049330633,-5.63666303210313,3.40885093436419,1.24080478373935,0,0.839686964699563,-2.10492227979275
Banco Continental,abril,2019,1.28728303982138,-2.89690725986484,-2.69205515430072,0.441510738771229,0.698849064510498,2.58191932392915,0.0366887353794352,1.67150981417612,0,-1.87380151407731,2.47684419450876
Banco Continental,mayo,2019,0.363182136059503,4.08217847051604,0.472334682861001,0.349245704656291,-1.79846718297112,2.24626472779533,0.67200073789397,0.868221989091115,0,1.49061937805192,0.225961344470011
Banco Continental,junio ,2019,1.0731953995974,-3.59433316724987,-0.873069173942248,0.632073059202063,0.827881666049691,-2.52786847842098,2.75995067928679,1.02993399079323,0,-1.06260481516697,0.338177865453519
Banco Continental,julio ,2019,2.50218091754991,9.04672964720393,-1.3550135501355,0.0416325048276255,-4.16984787746058,1.59892760685921,3.86117467997946,0.12018885163151,0,-4.85336089205256,-1.07531196083939
Banco Continental,agosto,2019,0.644982319012405,-2.75349742779654,-0.755494505494514,0.249813706438569,2.66019164937692,-0.375736025723118,3.62162869410089,2.42973167886264,-9.09090909090909,2.41646914319647,-2.38085581018049
Banco Continental,septiembre,2019,0.72760261557754,-1.35170867879319,-1.66089965397923,0.186661306695317,1.86578630868352,-1.61822871341684,2.31604208234231,1.25107241643821,0,-2.00065416484955,-3.5939837128137
Banco Continental,octubre,2019,-1.2375909871249,28.2465748188418,-1.82969739619987,-0.475929216050085,-2.48175423748635,20.7268321128357,2.35741822891954,0.660195055292323,0,-6.52753265536267,-1.63771926044045
Banco Continental,noviembre,2019,-1.08544304140604,1.3120296991123,3.94265232974911,-0.298071729566619,0.625307233855125,4.54718851686713,2.01402466397902,0.0927839698652554,-10,-0.345706263288574,-0.714191824037164
Banco Continental,diciembre,2019,-3.33192167424419,-23.1226372733949,-3.72413793103448,-0.967309318645884,3.56932288701952,-20.9023040168776,1.10774689916319,0.114209359810415,0,1.50108577633007,-3.12444836716682
Banco Continental,enero ,2020,0.185212880591238,4.47254407792365,0.644699140401145,0.314287913528124,-2.56245881787969,3.02351540451129,3.0400000000003,0.0907905105274428,0,-1.0718583692135,-1.73560495626822
Banco Continental,febrero,2020,0.325160045183705,-3.54436295275786,1.28113879003559,0.637448760717383,3.62943487547897,1.31797980833917,3.96999999999993,2.50517972951949,0,8.27796129994973,-0.778823420332851
Banco Continental,marzo,2020,-0.747046371312089,3.15815016554545,-0.421644413211528,-1.58290496558253,-3.18505139965224,-1.15181338289121,-16.76,5.3559202161709,-44.4444444444444,-6.07923224414796,-1.91094706349576
Banco Continental,abril,2020,-8.12243766738809,0.197292257569147,-1.12914608327452,-2.20790857739243,4.6421573541231,5.95584063394903,-39.09,1.42471877837458,-80,-26.4953720686667,-7.03534343145661
Banco Continental,mayo,2020,-9.65078644778064,10.2913867617744,0.214132762312629,-3.27234330902252,0.242692047054699,0.469594534666031,-32.5899999999998,0.985945841710194,0,-41.433531028497,-10.7291079571655
Banco Continental,junio,2020,-9.35482818159807,3.4055233322828,1.13960113960114,-3.02047568549453,-2.3826070122964,-0.522515704673156,-18.3900000000002,3.36675214966302,0,-12.8399239261985,-14.3258910635367
Banco Continental,julio,2020,-10.8824010686059,6.74693106985361,-0.915492957746472,-2.87545948833906,-1.08586923374938,-1.38979593944859,-11.3299999999998,5.96086113024436,0,56.626096320331,-12.5879279158572
Banco Continental,agosto,2020,-10.1165160147619,1.93648451790479,0,-3.76569531919739,-1.84832511816071,3.29569511711834,-9.29999999999965,5.12586397920947,0,-10.1318955691049,-8.07786633966891
Banco Continental,septiembre,2020,-13.8898907127353,-0.664045043466924,2.77185501066098,-4.53714424044993,-2.86592513341924,4.13395295750864,-6.23999999999986,5.41802835455271,0,11.5067141792998,-4.01033850258463
Banco Continental,octubre,2020,-13.2442461230296,-0.00590907946384445,-0.0691562932226941,-3.03503290079694,1.64722005368683,4.34014496308354,-3.30000000000041,6.4497461692164,0,13.3760031776696,-3.89125336576044
Banco Continental,noviembre,2020,-13.179708811584,1.3120296991123,-4.29065743944636,-3.24586004698328,0.625307233855125,4.54718851686713,-2.54000000000007,5.98756484269835,0,16.3571940441118,-4.17532760957976
Banco Continental,diciembre,2020,-13.0773343422465,1.01814655564751,0.578452639190167,-3.09049193256043,2.27805570812616,1.80276226347614,0.580000000000011,6.73089958387698,0,19.0696146660918,-4.74394039422805
Banco Continental,enero ,2021,-13.1468774404829,2.87301590130227,-1.65348670021568,-4.4308258394108,-2.79054707420377,4.39661007236615,-1.01997818269747,7.57881967569653,0,7.17816091954024,-5.68316831683168
Banco Continental,febrero,2021,-13.6150531073727,-2.93026909194161,0,-4.28295906294789,0.15168121231423,1.19713777123654,-3.78000022559303,6.75776795157335,0,1.04134269934044,-4.06256560990972
Banco Continental,marzo,2021,-8.17560404197103,-1.78714031633036,6.65204678362573,-1.80763694018,-0.446467821413206,1.96002776703922,18.2100044622133,6.23161653502974,0,-1.9720641929184,-2.4072655651603
Banco Continental,abril,2021,11.6426661004906,-1.44485813490718,3.22138450993832,-1.05078389029849,-0.248805317127969,-0.935610637274034,58.4903436908341,10.7762309960032,0,-0.66967669286905,-0.0560600964233721
BCP,enero ,2014,1.08396875821245,0.565524233045848,-0.275862068965511,0.347605294891785,-1.87898028234699,2.83901301773307,4.22816443319077,8.4829845503721,0,,-3.26452770922145
BCP,febrero,2014,-1.1752233196983,2.12266170175397,4.21853388658367,-0.0418192036601892,1.10335533002259,-2.64042157029466,5.20823179633005,6.31387206602532,0,,
BCP,marzo,2014,0.496470761171724,-0.755117042834072,-0.995355009953552,0.222458881038314,1.37124344293817,2.83273002447891,5.41227520969711,6.23702300998455,0,,
BCP,abril,2014,-2.24536739500288,0.635389012259201,1.00536193029491,-0.611982746861515,-1.87861826993206,-0.50989717880311,2.92329434852197,5.94757916413585,0,,
BCP,mayo,2014,-1.49324955157819,-0.616686211624554,-0.265428002654286,-0.196286589378564,1.07657173328215,1.63767828421138,2.5905331111518,3.93830325468327,0,,
BCP,junio,2014,3.73493002131463,3.05746064672636,-0.53226879574185,-0.465601130821852,0.962527595939254,-0.150523569749821,0.378163855204799,0.347081804547572,0,,
BCP,julio,2014,3.4517612625844,1.03787953569073,-2.47491638795986,0.336716567011181,-3.17218726067409,-1.17703800193977,1.44991902920236,-0.962207883132976,-6.25,,
BCP,agosto,2014,1.92321204565292,0.808979912755821,-6.37860082304526,1.51156178018684,-0.398668316370581,2.25374756435431,1.35323588063804,-0.509538357500744,0,,
BCP,septiembre,2014,2.49746173162375,2.24632240599704,0.586080586080587,-0.293746123108999,-2.92420990960563,-1.98304174492654,2.67317275379179,1.98905171859726,-6.66666666666667,,
BCP,octubre,2014,1.79539444044436,-0.401340413194475,7.6474872541879,0.977306138327197,3.06136073121466,-2.03644005771406,2.27335718776672,3.49542159747155,0,,
BCP,noviembre,2014,-1.77903228749169,1.53975898757197,1.35317997293641,0.228898020222712,-0.68275149365788,3.72488543646481,0.157154628621769,2.67568678427469,0,,
BCP,diciembre,2014,-1.54928072824376,1.24084910882919,-1.26835781041389,0.0130085420403548,-0.895455750617061,-2.14106917874589,0.793651694563594,3.78621079379893,0,,
BCP,enero ,2015,12.3172357789356,0.645818293810794,-2.29885057471264,6.36252297051555,-1.2081356417902,3.87019070018519,1.5598279965584,3.71579796056041,-7.14285714285714,,
BCP,febrero,2015,1.98349155746015,3.49361175685877,-2.07612456747404,-1.27992877013007,-0.842207589165306,-0.829254878820456,1.23216053850744,6.4774062244866,0,,
BCP,marzo,2015,1.00072186008938,1.38078939333817,0.777385159010597,0.750903230158722,-2.26417991411608,0.198553510522492,2.93464556248251,6.85770961840168,0,,
BCP,abril,2015,1.36391299209566,0.461596406768833,2.03366058906031,-0.864254126289839,0.17996049413917,-1.04666769296638,4.19581948490056,8.16463718634215,0,,
BCP,mayo,2015,2.83239998854254,0.964611899156133,-0.417062403670721,-1.01078223059552,0.216750511184691,1.1551517013771,1.28136437046267,9.31690161543347,0,,
BCP,junio,2015,1.02385527622485,0.651552473259938,-0.478403628379056,0.162336745198366,-0.598683059142195,2.75052628872674,4.08388439643235,9.39620098830411,0,,
BCP,julio,2015,-1.25648916294363,1.12007382489139,-0.277392510402213,-0.520319626470065,0.81527500094469,0.449303251697393,3.60173354116187,10.4417654020552,0,,
BCP,agosto,2015,-0.127027217592804,3.67239329956262,0.139082058414462,-1.59179633139811,-2.59256628704162,-2.31283007938147,2.66913960277215,10.8056885884332,0,,
BCP,septiembre,2015,-0.625551994073581,3.39369922111351,-2.77777777777778,0.894443925043616,1.3392263581853,0.271366103309855,3.18865379850733,8.12128584810958,7.69230769230769,,
BCP,octubre,2015,1.19826910737572,-0.921966161158288,-0.785714285714282,-1.4511901171293,0.452161882500934,2.21655703472435,3.27516366147704,8.01693724096263,0,,
BCP,noviembre,2015,2.07203291795595,1.8108477324437,1.65586753059754,-0.391776956258458,1.84328543458816,0.115223490591642,3.94509210356024,10.0507941640708,0,,
BCP,diciembre,2015,1.14726208320806,0.63858712313169,-0.708215297450422,0.00743437837925885,0.109926522303874,1.33253641547229,6.51171232918273,10.2078040355097,7.14285714285714,,
BCP,enero ,2016,-8.65143130243628,0.747826987625327,2.28245363766049,-4.29516731183566,-1.89841745471667,2.22753718085967,3.5371521375162,10.8294475354414,6.66666666666667,,
BCP,febrero,2016,1.19827111793252,3.43788675308148,-1.53417015341702,1.60075090352297,-1.54450689528354,-1.18324678009463,6.42260004513846,10.1154155013125,6.25,,
BCP,marzo,2016,-1.17655434532573,-1.87312321471405,1.27478753541078,-2.18299631202832,1.21574585449503,1.11199169113904,3.55575312326125,6.56728858830644,0,,
BCP,abril,2016,-0.461276613114596,-1.17594141407256,4.89510489510489,-0.315951912233285,-0.68562778799723,1.65292353870033,2.77589033642784,2.98711560033186,0,,
BCP,mayo,2016,3.16649751049406,0.748549154775731,0.799999999999995,0.337669334399645,1.23645415247945,2.12030260495975,4.88167970405086,3.2407561971865,0,,
BCP,junio,2016,-1.49110282005689,-2.28900890369636,4.03439153439154,0.948516287870474,-2.79591026048536,-1.48900168800294,3.58660677418531,2.53373222271981,0,,
BCP,julio,2016,-0.171306336757287,-0.978416053067697,0.19071837253655,-1.2008586120688,-1.28480700964612,1.732919652767,3.58565807308168,1.54312343063299,0,,
BCP,agosto,2016,0.603061495425145,0.0351918122375193,-0.571065989847715,-0.710351637140342,1.84722282787389,1.11291096281973,5.77586891584902,1.0446439766577,0,,
BCP,septiembre,2016,2.48087034782404,0.610301064382352,-0.12763241863433,-0.316616893359301,-1.54218872916091,-0.696817995823323,4.50729813674215,3.39100320029894,0,,
BCP,octubre,2016,0.835963364671763,1.25652675534911,-0.575079872204472,8.57721402900039,0.813794501772544,1.83924623628786,2.17618180089317,2.45176633736668,0,,
BCP,noviembre,2016,0.969000966172149,0.498115369175471,0.899742930591252,-8.29369027702253,0.106420229408095,0.336084021810354,3.50990366366722,0.350360665287478,0,,
BCP,diciembre,2016,0.809586842554781,-3.16598327508093,-1.01910828025478,1.14864905803957,-1.8403851975144,0.943735382528691,3.46246604858045,-0.752957451370624,0,,
BCP,enero ,2017,1.52032161767003,1.61602719326071,-1.22265122265122,-1.1674095674392,1.55926972865244,-1.34735836025483,5.04885358614208,-3.3934518135208,0,,
BCP,febrero,2017,-1.60983848730949,1.18974801698435,1.56351791530945,-0.266028528019933,1.71677036025655,-1.79984150532928,0.814643128455247,-7.47993879894207,0,,
BCP,marzo,2017,1.25171332517122,-0.53068177503178,-0.833867864015388,1.52663568432199,-0.378723696557224,4.90057338586567,1.16526007928752,-5.68426594595316,0,,
BCP,abril,2017,0.67967139689289,0.283285258500532,8.21474773609314,0.118160193079123,0.483130199960699,0.561358527099932,0.307665923594862,-3.05933993285865,0,,
BCP,mayo,2017,-2.06895804738959,0.312097945625992,-1.01613867304245,-0.852974534245304,0.187596221594515,1.68459048174087,3.64556261170591,-2.93561088564449,-5.88235294117647,,
BCP,junio,2017,2.02285798278218,-0.229757976883143,0.785024154589387,-1.03218767353888,0.730937629548656,0.857979265241535,3.96473699535329,-2.52453312490026,0,,
BCP,julio,2017,1.00132102776061,1.07424291012175,-1.19832234871182,1.12285760633783,-0.155999370281696,-1.37451000228715,2.21684407964053,-2.58656269716097,-6.25,,
BCP,agosto,2017,1.30602711427112,-0.822479263842182,-1.3947847180109,0.114570755166545,1.42503535355337,0.707883673431404,2.86467895140681,-3.91259940454829,0,,
BCP,septiembre,2017,-1.39760956733706,1.16327117368808,1.41451414514143,0.00280022817741754,-0.188190988875954,1.04994400968969,3.34944212865793,-4.688569843468,-6.66666666666667,,
BCP,octubre,2017,-1.85130697951369,1.17553623442687,-0.848999393571844,0.629757345506113,-0.659750373208851,-0.811822007782806,3.60377185397213,-3.98338518177293,0,,
BCP,noviembre,2017,0.220552370520596,0.546515632910021,-4.58715596330276,0.203514354637371,1.68282074245986,-3.15807098387554,2.01793210582757,-4.15425007598351,-7.14285714285714,,
BCP,diciembre,2017,-0.29839021293107,2.81395530656085,-0.769230769230764,-1.62972902896549,-1.10424181144386,-0.84940952768507,1.41855918818454,-3.69148976773179,0,,
BCP,enero ,2018,-0.235164624160437,0.482498458266483,-2.77777777777778,0.124990719575927,4.28511990612631,1.33980762258273,2.83257693967144,-2.96049091037661,-7.69230769230769,,
BCP,febrero,2018,0.816871808945354,0.027839245101077,1.12956810631229,-0.753974710087203,-1.96009488626961,2.56772046889236,2.66509376642648,0.665371025413913,0,,
BCP,marzo,2018,2.10809690844113,-1.40099472347593,-1.57687253613666,-0.392197595584053,0.279670644358243,-4.83800025141475,3.85040346809552,1.61938755312789,-8.33333333333333,,
BCP,abril,2018,1.38317262542792,-2.62850448561891,6.2082777036048,0.00604891932608743,2.71967194606749,-0.372922980228104,8.06179376144974,1.44281018791629,0,,
BCP,mayo,2018,0.426318052890564,0.497515557759534,-1.50848522941546,0.0936738310310182,0.676179943344719,-0.295166695493303,6.69832228532294,1.87641314850616,0,,
BCP,junio,2018,-0.208804372462033,-0.859625300572294,-0.191448627951496,-0.569831309280864,-2.60624901572574,0.263184140231029,2.08710102963386,1.51965600142284,0,,
BCP,julio,2018,1.00976115267105,0.162304484511093,-3.64450127877238,0.206488515397073,0.378075948587133,-0.385555646674067,2.64397825162087,2.17518101577417,0,,
BCP,agosto,2018,-0.262084154077028,1.12315369305154,1.06171201061712,0.492639843496106,-0.100816166829507,-0.668901783119729,2.33711504652624,3.07339730664957,0,,
BCP,septiembre,2018,0.830952345991742,-0.488627726173718,-1.0505581089954,-0.405129106067797,-0.313723816692294,0.576160142056854,2.43822935032069,3.01108443150001,0,,
BCP,octubre,2018,0.863727912039826,3.05614960105774,-0.862641008626415,-0.30158493956369,-0.487330612838424,-1.94740591016946,4.11082944921829,3.23514443718464,0,,
BCP,noviembre,2018,-0.158267426606637,3.4285241096113,-1.74029451137885,-0.0852647371343897,-1.13517199528067,-0.895696443482332,5.10292033913879,4.14948663068968,0,,
BCP,diciembre,2018,1.06600755780237,0.788372598462701,-1.15803814713896,0.858507049701192,1.97063096850124,-4.76985984026393,4.74988708744327,3.34383645619932,0,,
BCP,enero ,2019,1.59506029016961,-0.50873875889878,-2.34321157822191,-0.250447706012396,1.04914641354015,4.27605567278623,1.7532760764844,3.41428343611001,0,,
BCP,febrero,2019,1.16438837066842,-0.285389309902534,-0.141143260409312,0.323691753116619,-0.561961555063301,-1.83208695239703,2.13492375035078,1.76593631187655,0,,
BCP,marzo,2019,-1.62240918049112,0.46332929661492,0.777385159010597,0.0798840785207332,0.221530665514316,-0.468475358188483,3.40885093436419,1.24080478373935,0,,
BCP,abril,2019,1.89730444397634,1.17014717353831,8.62552594670407,0.63191861547096,0.611319681098081,-1.25650444878204,0.0366887353794352,1.67150981417612,0,,
BCP,mayo,2019,-0.504361748978148,0.374920282645887,-0.32278889606198,0.241718053799256,0.685906589348582,-0.248625133512917,0.67200073789397,0.868221989091115,0,,
BCP,junio,2019,0.454813794887007,0.544698146355625,-1.10103626943005,1.07841184174938,-3.0569792158592,0.83991414737622,2.75995067928679,1.02993399079323,0,,
BCP,julio,2019,-0.0703375681466619,0.34835414624102,-2.09561231172233,-0.0211971827691889,1.33631583510976,-1.40067305415795,3.86117467997946,0.12018885163151,0,,
BCP,agosto,2019,0.742488459912852,3.54253215618058,-0.735785953177254,0.0927784949356944,1.84434665910824,0.361188327173098,3.62162869410089,2.42973167886264,-9.09090909090909,,
BCP,septiembre,2019,-0.494389260645588,-1.08250839432718,-0.269541778975736,-0.194444239793073,-1.82337784999137,-0.365107020364482,2.31604208234231,1.25107241643821,0,,
BCP,octubre,2019,-0.568005526689872,27.9805214567337,4.39189189189188,0.348261884420764,1.09648543658336,56.532369794327,2.35741822891954,0.660195055292323,0,,
BCP,noviembre,2019,0.191213743197092,0.727796239769952,-1.10032362459547,-0.849734568216135,1.23421821716842,5.1989611607986,2.01402466397902,0.0927839698652554,-10,,
BCP,diciembre,2019,-1.95022389958169,-21.8953322157899,-4.77748691099476,-0.32095195493791,-0.879726342200242,-40.4149352506346,1.10774689916319,0.114209359810415,0,,
BCP,enero ,2020,-0.957993861229955,0.567363313602726,-0.549828178694159,-0.284186501860055,-0.179976035465283,1.51348907486698,3.0400000000003,0.0907905105274428,0,,
BCP,febrero,2020,0.0817039182033192,2.32497469432849,-2.83344851416724,0.130562309698239,0.369643776417387,-3.01132052411879,3.96999999999993,2.50517972951949,0,,
BCP,marzo,2020,-8.42665881351569,3.62996012916759,-1.42247510668564,-1.52806214201291,1.99553862768195,-1.11355715777053,-16.76,5.3559202161709,-44.4444444444444,,
BCP,abril,2020,-10.2245294592088,3.01242305989695,-2.45310245310245,-1.83704103071122,-1.42017550876232,7.11008722667329,-39.09,1.42471877837458,-80,,
BCP,mayo,2020,-10.6587479293066,12.9602985349814,7.39644970414201,-1.69030909024474,-3.65607086714014,-0.797861798026209,-32.5899999999998,0.985945841710194,0,,
BCP,junio,2020,-11.6068554194154,-2.00545680268372,0.826446280991743,-3.00434219384134,-0.0783754775947229,12.8057864359381,-18.3900000000002,3.36675214966302,0,,
BCP,julio,2020,-13.9829544717525,3.51991419122197,1.09289617486339,-2.78399195533103,0.53067186135376,9.91067295327471,-11.3299999999998,5.96086113024436,0,,
BCP,agosto,2020,-17.3277105920312,1.03029039422438,0,-3.44450109837053,0.536405133676221,7.93217916802806,-9.29999999999965,5.12586397920947,0,,
BCP,septiembre,2020,-16.3603762334541,0.184442506817977,3.51351351351351,-3.00848129807914,1.34595025803883,9.11421482510159,-6.23999999999986,5.41802835455271,0,,
BCP,octubre,2020,-18.2673253037135,-0.239981784638808,0.456919060052221,-3.71436722440862,0.324898466999705,5.61233610466847,-3.30000000000041,6.4497461692164,0,,
BCP,noviembre,2020,-22.8173511809446,0.727796239769952,-0.974658869395714,-2.89568193334299,1.23421821716842,5.1989611607986,-2.54000000000007,5.98756484269835,0,,
BCP,diciembre,2020,-22.2321109625233,0.960697915090672,-0.459317585301839,-4.20250660126204,1.13746620497939,1.24413176983711,0.580000000000011,6.73089958387698,0,,
BCP,enero ,2021,-18.972121606791,1.04906211506551,-1.5820698747528,-3.57556628195385,-0.165817456448983,0.687453873718534,-1.01997818269747,7.57881967569653,0,,
BCP,febrero,2021,-25.2244435606913,2.35885688722381,-0.133958472873406,-4.14915836835187,0.518076477555245,2.09420890746225,-3.78000022559303,6.75776795157335,0,,
BCP,marzo,2021,19.9726625421,-0.276521838283005,0.0670690811535868,-2.1832785389045,1.53593695161265,1.18093031948969,18.2100044622133,6.23161653502974,0,,
BCP,abril,2021,27.792864645669,-1.37737267858536,10.3217158176944,-1.50665199992325,1.15895794673409,-3.10626056112515,58.4903436908341,10.7762309960032,0,,
Scotiabank Peru,enero ,2014,-4.27830965720221,0.52923643397673,1.84615384615385,-1.82080780506571,0.200410706120449,3.34147371167152,4.22816443319077,8.4829845503721,0,,
Scotiabank Peru,febrero,2014,-1.63258148339394,1.00720353829031,-1.58610271903324,-1.3352132074076,0.671877987742844,2.79420003605838,5.20823179633005,6.31387206602532,0,,
Scotiabank Peru,marzo,2014,-2.5154654423743,-1.94791187081831,0.613967766692249,-0.95862969911278,1.25421037474697,-2.55887139938905,5.41227520969711,6.23702300998455,0,,
Scotiabank Peru,abril,2014,-2.51841782687321,-0.344591704892235,1.67810831426393,-0.446866929926335,-1.20849223224406,2.08191019675375,2.92329434852197,5.94757916413585,0,,
Scotiabank Peru,mayo,2014,0.700457917571448,0.573927738473844,-0.675168792198048,-0.170696974108324,-2.06149017129269,1.06199761355542,2.5905331111518,3.93830325468327,0,,
Scotiabank Peru,junio,2014,-0.185007748718344,2.61849244550972,-1.96374622356495,-0.153800392158361,0.718337298135632,-0.942882532610737,0.378163855204799,0.347081804547572,0,,
Scotiabank Peru,julio,2014,0.668199735343162,-2.44389690465602,-1.54083204930663,0.048630223594573,-6.74026369759257,0.362295856806244,1.44991902920236,-0.962207883132976,-6.25,,
Scotiabank Peru,agosto,2014,2.71820137361312,3.14924013968964,6.88575899843506,1.092081454138,-1.98921031990354,-1.56493110617534,1.35323588063804,-0.509538357500744,0,,
Scotiabank Peru,septiembre,2014,-4.34900504984519,5.75128530661532,-2.78184480234261,-3.20324668720101,-1.74370351765698,-2.04692530950226,2.67317275379179,1.98905171859726,-6.66666666666667,,
Scotiabank Peru,octubre,2014,2.2935776785665,-1.16247599683502,0.828313253012057,-0.0742783650680577,-0.721821930501596,2.71451522010391,2.27335718776672,3.49542159747155,0,,
Scotiabank Peru,noviembre,2014,6.78031167360085,-1.68981658121837,-0.597460791635549,0.464958328558343,0.356411146698687,-3.40122458379598,0.157154628621769,2.67568678427469,0,,
Scotiabank Peru,diciembre,2014,2.7365952444952,2.12893819592593,-0.826446280991745,0.670215649388932,0.937850254249373,-2.86820064219084,0.793651694563594,3.78621079379893,0,,
Scotiabank Peru,enero ,2015,-1.77128049866967,7.39037505064267,-2.34848484848484,0.130076133712058,-1.21437150796943,2.225514158811,1.5598279965584,3.71579796056041,-7.14285714285714,,
Scotiabank Peru,febrero,2015,0.939107650246589,0.978278199127164,0.387897595034903,0.313723928524346,2.07062108098947,1.13227077197842,1.23216053850744,6.4774062244866,0,,
Scotiabank Peru,marzo,2015,2.57012188832778,1.72138586503915,4.32766615146832,-0.0342645932941891,1.36103317248142,0.53742835323407,2.93464556248251,6.85770961840168,0,,
Scotiabank Peru,abril,2015,-0.194310382733522,3.90386164554046,-0.740740740740738,-0.951082284687197,-0.675038412383708,0.229541513904929,4.19581948490056,8.16463718634215,0,,
Scotiabank Peru,mayo,2015,-1.60133872086981,4.12956428959382,-0.462996180811598,-0.608635413827831,-1.03036316809555,5.8561833376505,1.28136437046267,9.31690161543347,0,,
Scotiabank Peru,junio,2015,-1.53674062718339,-2.4703851988174,1.2898637229747,0.0468824405776956,-3.47596886669668,2.8924384267467,4.08388439643235,9.39620098830411,0,,
Scotiabank Peru,julio,2015,-1.67998508012397,-0.720664428149277,0.148038490007399,-0.270350455616922,-2.46987561637784,-1.59808654626012,3.60173354116187,10.4417654020552,0,,
Scotiabank Peru,agosto,2015,1.16295163580417,5.26350881530946,5.39541759053955,1.05282572457406,-0.0781513830765696,-1.11782817207312,2.66913960277215,10.8056885884332,0,,
Scotiabank Peru,septiembre,2015,-3.9429011916719,1.3467112748214,-1.47265077138849,-0.177040610863821,0.512009017412725,-4.26147339354453,3.18865379850733,8.12128584810958,7.69230769230769,,
Scotiabank Peru,octubre,2015,-2.91023792387029,0.710130955734436,-1.70818505338078,-0.250178865538408,0.186713371826558,3.60313284136597,3.27516366147704,8.01693724096263,0,,
Scotiabank Peru,noviembre,2015,-5.06579735642933,4.55276458777807,-0.0724112961621998,-0.0362653939528882,2.16251131528467,2.01777419726422,3.94509210356024,10.0507941640708,0,,
Scotiabank Peru,diciembre,2015,-1.33335585969462,-0.11225760736622,-2.17391304347827,-0.374499790590031,-0.424943686545648,-1.15458407325281,6.51171232918273,10.2078040355097,7.14285714285714,,
Scotiabank Peru,enero ,2016,1.41656176237388,0.80794958322608,3.48148148148149,1.1462964757786,-1.75675932159457,0.786098189241839,3.5371521375162,10.8294475354414,6.66666666666667,,
Scotiabank Peru,febrero,2016,0.263326104336618,1.07871931471882,-2.43378668575519,1.32297298259011,0.742042194358112,2.69108265548956,6.42260004513846,10.1154155013125,6.25,,
Scotiabank Peru,marzo,2016,-0.711766086277768,-4.7586582216545,-1.17388114453412,-0.640782200584567,-1.57675295268642,2.3182098491372,3.55575312326125,6.56728858830644,0,,
Scotiabank Peru,abril,2016,0.0365123100601518,0.763475004105463,5.19673348181143,1.51214794571938,0.412861000040359,-0.302498898347296,2.77589033642784,2.98711560033186,0,,
Scotiabank Peru,mayo,2016,0.242238211248857,-2.55290231988196,-1.90543401552576,-2.35004198911663,4.81586318282383,3.22072154187174,4.88167970405086,3.2407561971865,0,,
Scotiabank Peru,junio,2016,1.50857503912768,-1.58083168587474,0.86330935251798,2.48283340594122,0.142185201118618,1.23337769283035,3.58660677418531,2.53373222271981,0,,
Scotiabank Peru,julio,2016,0.491735678911201,4.14786633298083,0.142653352353777,-1.49327102978514,-2.07085785813327,-0.35260961489772,3.58565807308168,1.54312343063299,0,,
Scotiabank Peru,agosto,2016,-2.35324998526554,-1.09667110682135,2.27920227920228,-1.2165880866465,1.88708302947387,-0.206290751408141,5.77586891584902,1.0446439766577,0,,
Scotiabank Peru,septiembre,2016,2.29586532548537,5.45177566323804,2.5766016713092,0.0512730014202299,-1.59841403643562,-0.128186799475844,4.50729813674215,3.39100320029894,0,,
Scotiabank Peru,octubre,2016,1.50628311346343,-3.59666898867891,-2.1724372029871,0.902560449148266,1.05025197057959,1.73106965742473,2.17618180089317,2.45176633736668,0,,
Scotiabank Peru,noviembre,2016,0.938833545372927,0.807840481220169,0.555170020818876,0.0829916154017497,2.05394957352164,0.684625042151931,3.50990366366722,0.350360665287478,0,,
Scotiabank Peru,diciembre,2016,1.73699590159943,-1.83424546072823,-0.621118012422359,0.764161539931092,-1.49421116985832,-4.72423106718627,3.46246604858045,-0.752957451370624,0,,
Scotiabank Peru,enero ,2017,2.11589802075346,-2.34383739375304,0.069444444444443,0.088781167398434,1.99356855878228,1.50165794252955,5.04885358614208,-3.3934518135208,0,,
Scotiabank Peru,febrero,2017,-0.223958263087019,0.0750482438614824,-1.45732130464955,-0.5264576666739,-0.227161896769864,0.955652726108536,0.814643128455247,-7.47993879894207,0,,
Scotiabank Peru,marzo,2017,-0.188713048463537,5.25564583869388,-0.281690140845064,1.20071560599413,1.69386451589699,-2.88049499324379,1.16526007928752,-5.68426594595316,0,,
Scotiabank Peru,abril,2017,-0.268754017745394,0.656691690352284,-0.211864406779657,-0.970113567891053,-1.359434809042,1.62036882286454,0.307665923594862,-3.05933993285865,0,,
Scotiabank Peru,mayo,2017,0.505680363296397,-2.09682503403059,0.56617126680821,3.06836712961377,0.400869038611333,3.03222286788471,3.64556261170591,-2.93561088564449,-5.88235294117647,,
Scotiabank Peru,junio,2017,-1.16906490022594,1.03336468879162,-0.211118930330761,-2.114267709673,0.0489308671674141,0.0929006460476323,3.96473699535329,-2.52453312490026,0,,
Scotiabank Peru,julio,2017,0.761110699680026,1.71831727121712,0.28208744710861,1.79461393879812,-1.85859335543454,-0.989985631449281,2.21684407964053,-2.58656269716097,-6.25,,
Scotiabank Peru,agosto,2017,0.827334908897442,2.86615927898188,8.01687763713079,0.439250602935786,-0.602562024039366,-0.0695796215807718,2.86467895140681,-3.91259940454829,0,,
Scotiabank Peru,septiembre,2017,0.0543916867323615,1.11441346036889,-0.976562499999991,0.422429534013475,-3.60718793848933,0.579037256818006,3.34944212865793,-4.688569843468,-6.66666666666667,,
Scotiabank Peru,octubre,2017,-0.0410427780678969,-3.61938003475885,0.262984878369488,0.0608644329647633,6.25969042843668,1.18079678236308,3.60377185397213,-3.98338518177293,0,,
Scotiabank Peru,noviembre,2017,-0.84907933857999,3.22292026121968,1.04918032786885,0.172429931886629,0.236595677369342,0.174537116106198,2.01793210582757,-4.15425007598351,-7.14285714285714,,
Scotiabank Peru,diciembre,2017,0.489617713944329,-3.39160663611244,-1.8170019467878,-0.0128809042244961,-1.6473239093583,1.28642430680776,1.41855918818454,-3.69148976773179,0,,
Scotiabank Peru,enero ,2018,-1.02026211384857,2.44026932437088,2.24719101123595,-0.343181407979425,2.10672519800833,1.47971925813841,2.83257693967144,-2.96049091037661,-7.69230769230769,,
Scotiabank Peru,febrero,2018,-0.107180412346709,0.147802892878304,-2.58564964447318,-0.307732383460136,0.331810081258626,-0.849930981990902,2.66509376642648,0.665371025413913,0,,
Scotiabank Peru,marzo,2018,0.416666635850446,0.224402809353317,-1.9907100199071,0.00218006762974879,-4.06218231495147,0.260026413987649,3.85040346809552,1.61938755312789,-8.33333333333333,,
Scotiabank Peru,abril,2018,1.58630927822263,-4.90443511246005,2.8436018957346,0.466916661850217,-0.186883103021549,-0.382636902189221,8.06179376144974,1.44281018791629,0,,
Scotiabank Peru,mayo,2018,0.420924482634467,4.15870445716891,-1.51415404871625,0.0756428330853644,6.4209773582315,0.563427166361497,6.69832228532294,1.87641314850616,0,,
Scotiabank Peru,junio,2018,0.287907216245559,4.81362053364444,-0.601604278074877,-0.401803259194162,2.23395601313362,0.233760479283778,2.08710102963386,1.51965600142284,0,,
Scotiabank Peru,julio,2018,-0.849260403883287,-0.537448468561846,-1.34498991257565,-0.0701198495287078,-4.24390869997784,1.57704893451428,2.64397825162087,2.17518101577417,0,,
Scotiabank Peru,agosto,2018,1.41807432543456,-2.13332141891401,-0.749829584185408,-0.0301792712501811,-0.0771369145082442,2.98330170247172,2.33711504652624,3.07339730664957,0,,
Scotiabank Peru,septiembre,2018,1.06362453183315,-0.692977817192119,0.480769230769233,-0.144211165992081,-0.196613625464647,-3.54379737276724,2.43822935032069,3.01108443150001,0,,
Scotiabank Peru,octubre,2018,-0.375321573080558,1.59158656804027,-1.161995898838,-0.283212022644054,1.04207690620641,1.22990038096121,4.11082944921829,3.23514443718464,0,,
Scotiabank Peru,noviembre,2018,0.391698425217696,5.12987824705643,-1.38312586445367,0.0260199667821752,-2.01635089607552,2.10666590531868,5.10292033913879,4.14948663068968,0,,
Scotiabank Peru,diciembre,2018,-3.34136879908674,0.263527007152397,-0.911640953716683,-0.405444242037821,-5.84113049079693,-0.547562207493175,4.74988708744327,3.34383645619932,0,,
Scotiabank Peru,enero ,2019,-1.16694282394,-0.957818407147507,3.60934182590233,0.0816376790980206,5.1472790089787,0.555604037712802,1.7532760764844,3.41428343611001,0,,
Scotiabank Peru,febrero,2019,-0.457333583885944,2.69026308088292,0.0683060109289603,-0.152181198265859,0.360924980898931,0.228984156674033,2.13492375035078,1.76593631187655,0,,
Scotiabank Peru,marzo,2019,0.279691382685194,1.58646354737507,-0.546075085324233,0.184112051340241,-3.98458811318528,1.04183594409522,3.40885093436419,1.24080478373935,0,,
Scotiabank Peru,abril,2019,-2.20557320895587,2.84646242763172,0.54907343857241,-0.368940080691245,0.871801577354164,-0.963391913986039,0.0366887353794352,1.67150981417612,0,,
Scotiabank Peru,mayo,2019,-0.820078510377421,5.37051532636995,-2.25255972696246,0.129876857805267,4.07700601817731,-0.373241866461768,0.67200073789397,0.868221989091115,0,,
Scotiabank Peru,junio,2019,2.75191175755354,-0.894136453697276,-1.95530726256984,0.371394637014787,-1.33556558749858,1.12339654967871,2.75995067928679,1.02993399079323,0,,
Scotiabank Peru,julio,2019,3.02775543811839,0.768442141419484,-0.925925925925919,1.24881407694629,-4.10887948810718,1.73103673747551,3.86117467997946,0.12018885163151,0,,
Scotiabank Peru,agosto,2019,-0.570847343218187,1.67000990096989,-3.81020848310567,0.248994343803738,3.55357484277864,0.660958559511132,3.62162869410089,2.42973167886264,-9.09090909090909,,
Scotiabank Peru,septiembre,2019,-2.18618577818642,-0.50174298291574,8.22122571001494,-0.406704735522771,1.27914056335982,1.46150792292789,2.31604208234231,1.25107241643821,0,,
Scotiabank Peru,octubre,2019,2.17348499416746,7.5582681681992,-0.552486187845304,0.154316641570322,-0.911119899261931,47.0876477852479,2.35741822891954,0.660195055292323,0,,
Scotiabank Peru,noviembre,2019,-0.912929329222716,-1.14738938837971,-1.04166666666667,-0.265468529897153,-0.743712611255343,3.56259895646926,2.01402466397902,0.0927839698652554,-10,,
Scotiabank Peru,diciembre,2019,-0.634879381894603,-5.88264215835302,1.19298245614035,-0.28318129699528,-4.20787144485568,-35.4886486057533,1.10774689916319,0.114209359810415,0,,
Scotiabank Peru,enero ,2020,1.85285943577784,0.818943320043011,0.20804438280166,-0.54224996480885,2.83954112591229,0.0232038236546305,3.0400000000003,0.0907905105274428,0,,
Scotiabank Peru,febrero,2020,0.0347663799972298,2.35190217626569,-2.56055363321799,-0.42327687359139,0.223003316091989,1.26227362598771,3.96999999999993,2.50517972951949,0,,
Scotiabank Peru,marzo,2020,-4.96117533141547,-1.19453550990452,-0.71022727272727,-1.2102046088011,0.35402662240429,4.67935445392587,-16.76,5.3559202161709,-44.4444444444444,,
Scotiabank Peru,abril,2020,-5.67565672102538,3.1812930049621,4.93562231759656,-1.08302941257599,2.0459563062973,4.87451539991609,-39.09,1.42471877837458,-80,,
Scotiabank Peru,mayo,2020,-9.01779233312565,7.8871702926511,1.43149284253579,-2.79902127139879,2.39090465852561,1.06358662659233,-32.5899999999998,0.985945841710194,0,,
Scotiabank Peru,junio,2020,-11.5315726702886,-0.412035469753378,0,-2.76135578064936,-0.796599239940521,6.82113745923249,-18.3900000000002,3.36675214966302,0,,
Scotiabank Peru,julio,2020,-14.5449423014794,-1.183684251574,0.470430107526872,-4.38197091313364,-1.73966485784896,4.6717026637775,-11.3299999999998,5.96086113024436,0,,
Scotiabank Peru,agosto,2020,-13.31925526611,0.367843542403453,0,-2.27540927167135,-0.772863042150547,10.5544478626859,-9.29999999999965,5.12586397920947,0,,
Scotiabank Peru,septiembre,2020,-14.2186019318813,-2.30978963984624,3.87959866220736,-3.4902173442287,0.697811610220565,5.54660718631916,-6.23999999999986,5.41802835455271,0,,
Scotiabank Peru,octubre,2020,-27.7961006435255,-1.85432042350444,3.47714101738571,-3.96571764871298,-0.0834731728984629,2.0891975705075,-3.30000000000041,6.4497461692164,0,,
Scotiabank Peru,noviembre,2020,-28.9127749859239,-1.14738938837971,1.3690105787181,-3.55601523336957,-0.743712611255343,3.56259895646926,-2.54000000000007,5.98756484269835,0,,
Scotiabank Peru,diciembre,2020,-32.1272055237864,0.623226182904116,0.982197667280541,-3.48460351402573,-1.26447765801906,2.76500286880489,0.580000000000011,6.73089958387698,0,,
Scotiabank Peru,enero ,2021,-45.9527611922997,3.54717563138031,0.303951367781159,-3.73452251905394,0.61007646331928,0.179509605780474,-1.01997818269747,7.57881967569653,0,,
Scotiabank Peru,febrero,2021,-54.9030087636569,-1.67710791917746,-3.15151515151515,-4.07342931363371,0.992414103341242,-1.11219571094938,-3.78000022559303,6.75776795157335,0,,
Scotiabank Peru,marzo,2021,18.0773304663816,-3.22037938721485,-0.0625782227784718,0.00108544492865006,2.14638768273506,-6.14870261312289,18.2100044622133,6.23161653502974,0,,
Scotiabank Peru,abril,2021,68.5014908049697,-0.591724434244489,2.50469630557295,-0.861068292769664,-0.764119379550099,-6.62685786770244,58.4903436908341,10.7762309960032,0,,
Interbank,enero ,2014,-1.73917298433257,6.28846802276003,1.98019801980198,-0.98801701440066,-0.589699052743578,0.0749080966517339,4.22816443319077,8.4829845503721,0,,
Interbank,febrero,2014,-1.09983503806072,-0.758104354002434,1.64301717699775,-0.846145464696177,-0.00392173395651667,0.748829014841435,5.20823179633005,6.31387206602532,0,,
Interbank,marzo,2014,-3.28371497680297,1.52774264930321,-0.514327700220428,-1.5589947890579,-1.92066108215045,-0.882526296918897,5.41227520969711,6.23702300998455,0,,
Interbank,abril,2014,-1.37220535322837,-0.539351524124815,23.781388478582,-0.628165006054465,1.52873762450684,-0.241432329821962,2.92329434852197,5.94757916413585,0,,
Interbank,mayo,2014,-3.40336018577725,-3.15914964289132,-2.14797136038188,-1.10158671507376,-2.52493646460177,0.256860715204024,2.5905331111518,3.93830325468327,0,,
Interbank,junio,2014,0.0549829726660752,0.249755746271031,-1.09756097560975,0.200524965384341,-0.0933912072256566,1.24555373754833,0.378163855204799,0.347081804547572,0,,
Interbank,julio,2014,1.03814081482574,1.20831389600496,-2.46609124537607,0.140395976961032,-1.34041819821178,-0.307230356764482,1.44991902920236,-0.962207883132976,-6.25,,
Interbank,agosto,2014,1.00846021428455,-0.931726615424591,-2.21238938053097,-0.056758041590397,-3.07228237539826,-0.290870365986233,1.35323588063804,-0.509538357500744,0,,
Interbank,septiembre,2014,0.772165545244251,2.58075955774675,2.71493212669683,0.0246553891428173,2.48981922892752,0.549340886579621,2.67317275379179,1.98905171859726,-6.66666666666667,,
Interbank,octubre,2014,1.08216834992644,-1.96303916826453,-0.629326620516057,0.388405370374636,-0.927321572103845,0.914816985031914,2.27335718776672,3.49542159747155,0,,
Interbank,noviembre,2014,1.37207097467493,1.64844923497092,-0.189993666877767,0.723428456806155,0.0284813922555233,1.14192586933235,0.157154628621769,2.67568678427469,0,,
Interbank,diciembre,2014,0.272576347679094,4.91545798378946,-0.253807106598979,0.287387337574007,0.0118596319359993,1.90652307606729,0.793651694563594,3.78621079379893,0,,
Interbank,enero ,2015,3.60049218861037,1.24254751023713,-3.56234096692112,1.18969000669989,-4.02175483265851,0.411788008068306,1.5598279965584,3.71579796056041,-7.14285714285714,,
Interbank,febrero,2015,1.15349628812111,1.20001359065226,-1.71503957783641,-0.159101244126982,0.726669224123369,0.633956996437515,1.23216053850744,6.4774062244866,0,,
Interbank,marzo,2015,1.62924323267758,3.78233367095261,0.335570469798651,1.28049459641577,1.44580673678856,0.434396775585974,2.93464556248251,6.85770961840168,0,,
Interbank,abril,2015,1.78203133845338,-3.54082671227474,11.7725752508361,1.24536373252199,-1.32068397387618,-0.124963189351181,4.19581948490056,8.16463718634215,0,,
Interbank,mayo,2015,0.0997980772358408,2.90495942428879,-1.00700796301608,-0.00858408749589681,-2.99735333577142,1.59419347387742,1.28136437046267,9.31690161543347,0,,
Interbank,junio,2015,0.764440021371169,2.178660111477,-1.52178148877898,0.926766996047677,-1.46051908290594,-0.0069359525261527,4.08388439643235,9.39620098830411,0,,
Interbank,julio,2015,-0.634934538626793,3.71549474390901,1.35052179251076,-0.25521389571826,2.01101142299659,0.758245419915728,3.60173354116187,10.4417654020552,0,,
Interbank,agosto,2015,-0.0370780255389147,7.5694530668428,-2.24106602059359,-0.619559348056048,1.03239992490053,0.29120743228519,2.66913960277215,10.8056885884332,0,,
Interbank,septiembre,2015,0.732387290100914,-0.717216998840711,-1.67286245353161,0.960307227231947,-2.12127218998668,-0.983163155428693,3.18865379850733,8.12128584810958,7.69230769230769,,
Interbank,octubre,2015,-0.835657925802697,4.63295003960119,-1.70132325141777,-1.07799144662557,2.49960017836541,-2.30952557274787,3.27516366147704,8.01693724096263,0,,
Interbank,noviembre,2015,-2.13872471796074,1.994133538735,1.7948717948718,-1.39757569175092,-0.309903076395902,1.95483867258621,3.94509210356024,10.0507941640708,0,,
Interbank,diciembre,2015,-3.4777513088847,-0.848967069958051,0.125944584382869,1.03642922025591,1.83698188881058,6.71176330386328,6.51171232918273,10.2078040355097,7.14285714285714,,
Interbank,enero ,2016,-1.92685964364519,-2.12915919680426,-2.32704402515724,-0.651230619708524,-2.97998250032693,-0.677256763947686,3.5371521375162,10.8294475354414,6.66666666666667,,
Interbank,febrero,2016,-1.7756507447589,-0.776277443740025,-2.18931101094655,0.0887847052244475,-0.0269693019734513,0.690998036010206,6.42260004513846,10.1154155013125,6.25,,
Interbank,marzo,2016,-0.986321875874667,2.12999991493524,-0.460829493087559,-1.00994222033491,1.10312437623456,2.05847004745996,3.55575312326125,6.56728858830644,0,,
Interbank,abril,2016,-0.862247069407844,-3.22570063252836,8.39947089947091,0.346182884229718,-0.146923025351155,-1.37079979845194,2.77589033642784,2.98711560033186,0,,
Interbank,mayo,2016,-1.7909373619145,1.95512658814941,1.46430750457595,-2.11939130894747,-0.979961121944002,1.66803524750712,4.88167970405086,3.2407561971865,0,,
Interbank,junio,2016,-0.782640116235291,-3.66200451589841,-0.781719783523746,-0.548648803381088,-1.76853770698811,0.712335733071687,3.58660677418531,2.53373222271981,0,,
Interbank,julio,2016,-1.1878268897914,3.3368561602803,-1.57575757575759,-0.552413094964243,2.82028718150408,-2.26544882957063,3.58565807308168,1.54312343063299,0,,
Interbank,agosto,2016,-3.32091206665271,4.69598513610738,0.492610837438435,-0.113949390366763,2.12960594959072,1.52845211193903,5.77586891584902,1.0446439766577,0,,
Interbank,septiembre,2016,-0.506808580088954,-0.911726490937436,-1.59313725490197,-0.591089397891538,-2.42992300236195,-0.559222122628634,4.50729813674215,3.39100320029894,0,,
Interbank,octubre,2016,0.725909541107223,-5.17804274658806,0.373599003736004,0.767915652405983,1.44264984203123,2.20321002252172,2.17618180089317,2.45176633736668,0,,
Interbank,noviembre,2016,0.825222752208935,1.90617211218608,-1.36476426799008,0.181413431654899,-0.646214853305509,-0.187133049048274,3.50990366366722,0.350360665287478,0,,
Interbank,diciembre,2016,4.21968356968442,4.79632888417454,1.32075471698113,-1.43852578650606,3.31160538450032,0.78464421517282,3.46246604858045,-0.752957451370624,0,,
Interbank,enero ,2017,-1.91418169743195,0.695732434491946,-1.30353817504655,-0.4666258410022,1.79959866220323,1.7491465634007,5.04885358614208,-3.3934518135208,0,,
Interbank,febrero,2017,-0.135681740923377,-3.49006904676804,-0.880503144654092,-0.455061954875994,-2.90594316231724,-1.25260134571901,0.814643128455247,-7.47993879894207,0,,
Interbank,marzo,2017,-0.727733780086478,-2.87726540296338,-0.63451776649746,0.288325281647795,-0.966643075895772,0.271495482005222,1.16526007928752,-5.68426594595316,0,,
Interbank,abril,2017,-0.392785363792425,0.0971538075827037,9.19540229885058,-1.06452902814674,1.93943668079535,-0.964989391057263,0.307665923594862,-3.05933993285865,0,,
Interbank,mayo,2017,0.887363783298169,1.97160705122562,-0.467836257309952,2.28405931793381,-0.82981263173599,1.46201070010462,3.64556261170591,-2.93561088564449,-5.88235294117647,,
Interbank,junio,2017,0.175224162095314,1.34620179957174,-1.23384253819037,-0.550992641481931,-1.37828771250727,0.743532601100718,3.96473699535329,-2.52453312490026,0,,
Interbank,julio,2017,0.835531395119741,-2.04880757500844,-1.07079119571683,0.489095362160621,-1.14912297811159,-0.600107104504004,2.21684407964053,-2.58656269716097,-6.25,,
Interbank,agosto,2017,1.37105079321784,3.23277590395645,0.060132291040298,0.237706246850597,4.11248009938208,1.87471254440163,2.86467895140681,-3.91259940454829,0,,
Interbank,septiembre,2017,-0.836705378034727,-0.0812789722325688,-0.721153846153852,-0.786123577360589,-3.50269344880071,-1.50203853529178,3.34944212865793,-4.688569843468,-6.66666666666667,,
Interbank,octubre,2017,-0.807564704219386,4.66730317175627,-0.242130750605322,-0.878172228506313,2.69344348336921,0.70734857208022,3.60377185397213,-3.98338518177293,0,,
Interbank,noviembre,2017,-0.460999260783533,-0.915161222672895,-1.6383495145631,-0.68688164587843,-1.1617703200803,-0.377495451688808,2.01793210582757,-4.15425007598351,-7.14285714285714,,
Interbank,diciembre,2017,2.29104256995464,4.86466142465222,-2.03578038247995,-8.0679244301117,6.86142815634743,-1.66923051780158,1.41855918818454,-3.69148976773179,0,,
Interbank,enero ,2018,7.47458157245588,-1.89996749007026,1.19647355163728,2.87947778723662,-2.65123942202359,7.28405404472416,2.83257693967144,-2.96049091037661,-7.69230769230769,,
Interbank,febrero,2018,0.491665230092546,-1.76678680504798,1.74237710018669,-0.952488311188716,-1.59603197144773,-0.468158592508412,2.66509376642648,0.665371025413913,0,,
Interbank,marzo,2018,-0.529981492810905,2.69800907035737,0,-1.46340290879658,1.14464885320995,-1.2594419550408,3.85040346809552,1.61938755312789,-8.33333333333333,,
Interbank,abril,2018,-0.891202358514778,0.290823756536379,7.15596330275228,-1.46520720371726,-2.30784351744998,-2.61712021885299,8.06179376144974,1.44281018791629,0,,
Interbank,mayo,2018,1.47565869507647,-3.28214577592564,-3.71004566210045,-1.39882405945403,1.42005106223692,-2.12648046322548,6.69832228532294,1.87641314850616,0,,
Interbank,junio,2018,0.71317171860562,2.85980922632279,0.889152341434491,-1.0078527668062,0.247864501266033,0.26779032293885,2.08710102963386,1.51965600142284,0,,
Interbank,julio,2018,-0.647787969205614,-0.436426633993951,-1.99764982373678,-1.24328069826765,1.23150029199679,-0.900077317322788,2.64397825162087,2.17518101577417,0,,
Interbank,agosto,2018,0.129660610830247,3.96603889650507,-0.419664268585134,-1.30462841208242,0.859116388307179,0.732422415675101,2.33711504652624,3.07339730664957,0,,
Interbank,septiembre,2018,0.38379190721776,-3.20825136309874,-0.481637567730273,-0.638288104939423,-1.97966927852001,-2.11394308364232,2.43822935032069,3.01108443150001,0,,
Interbank,octubre,2018,-0.315008869653985,5.67652097516435,-1.7543859649123,-0.690851360257177,0.418056360011714,-0.242996031939474,4.11082944921829,3.23514443718464,0,,
Interbank,noviembre,2018,0.577978373614327,-1.96657804600716,-0.73891625615762,0.242438067141174,-2.78730255256535,-0.693846767829077,5.10292033913879,4.14948663068968,0,,
Interbank,diciembre,2018,-1.99800243239491,1.80723460790507,0.558312655086848,7.47992893887437,5.0251078955725,-0.992771864718845,4.74988708744327,3.34383645619932,0,,
Interbank,enero ,2019,-5.822751175634,-1.01336665522451,-2.5909932140654,-3.32570416400546,-3.08211001808024,-0.0164031859927492,1.7532760764844,3.41428343611001,0,,
Interbank,febrero,2019,-0.0523156559573663,3.81987219203845,-1.01329955668143,0.174260347311064,1.30644444938039,-0.695012137838356,2.13492375035078,1.76593631187655,0,,
Interbank,marzo,2019,4.34344348407176,0.805787651310556,-1.79142674344211,1.48126276399217,0.783641266875543,0.700457187445404,3.40885093436419,1.24080478373935,0,,
Interbank,abril,2019,0.194300943839683,-0.570845523753254,7.03583061889251,0.370664516181315,-1.10184405469619,0.476000432393916,0.0366887353794352,1.67150981417612,0,,
Interbank,mayo,2019,-1.05766560210658,3.5393810067475,-0.365185636031642,0.160518350267294,-0.361196158417231,-0.787807010007128,0.67200073789397,0.868221989091115,0,,
Interbank,junio,2019,1.41444680614573,-0.788547627683494,-0.855222968845452,0.306637326992005,-0.0477150979528345,0.893120939576403,2.75995067928679,1.02993399079323,0,,
Interbank,julio,2019,10.1459837840659,-0.20485083224328,-0.92421441774493,3.14276896303088,-1.34377153286799,-0.235268061682664,3.86117467997946,0.12018885163151,0,,
Interbank,agosto,2019,0.338243129673161,1.10829882758323,-0.497512437810935,0.914309262486897,-2.99072523269281,0.721561872355486,3.62162869410089,2.42973167886264,-9.09090909090909,,
Interbank,septiembre,2019,-0.144139787948426,4.13772310441557,-2.5,0.0809615317888697,0.842977956103241,0.529831903806413,2.31604208234231,1.25107241643821,0,,
Interbank,octubre,2019,-1.27221526702853,27.8616904324223,-1.21794871794871,-0.0186302344058704,0.624291221833032,51.7171944604309,2.35741822891954,0.660195055292323,0,,
Interbank,noviembre,2019,-1.33974545600416,-0.961213010837939,-0.778715120051921,0.258260577438321,1.10356866659108,0.387908183788788,2.01402466397902,0.0927839698652554,-10,,
Interbank,diciembre,2019,-0.415179844896487,-21.2739585637085,-1.24264224983649,-0.219131337119799,3.46620293124534,-35.1271723683646,1.10774689916319,0.114209359810415,0,,
Interbank,enero ,2020,-0.24914538257996,1.45791743606726,0.331125827814574,1.07824739107072,-2.52901439591131,0.617388269527968,3.0400000000003,0.0907905105274428,0,,
Interbank,febrero,2020,0.130077219745361,0.639918589686916,-1.78217821782178,1.41001024245514,0.68619530973567,-0.389791788744423,3.96999999999993,2.50517972951949,0,,
Interbank,marzo,2020,-6.81471866488184,-0.0336221150498327,-0.0672043010752793,-2.32004993797101,-2.66817907602877,4.46486032780132,-16.76,5.3559202161709,-44.4444444444444,,
Interbank,abril,2020,-8.15932685335959,0.49485316114889,8.40618695359786,-2.44453567725069,-1.25876036541148,6.8746180855796,-39.09,1.42471877837458,-80,,
Interbank,mayo,2020,-9.53613601008678,9.3459212707531,-7.25806451612904,-1.38496260175433,-0.527897855767852,1.14937405504714,-32.5899999999998,0.985945841710194,0,,
Interbank,junio,2020,-12.0993716049102,7.65995801884977,-1.33779264214046,-1.13580091240845,2.44387114490373,7.97217055245802,-18.3900000000002,3.36675214966302,0,,
Interbank,julio,2020,-23.9712828268596,3.09568553912451,-0.474576271186443,-6.73837480639809,-1.95129260597635,6.74715726736918,-11.3299999999998,5.96086113024436,0,,
Interbank,agosto,2020,-14.4304524526299,1.42929468678358,0,-4.36933865986312,-0.877131409551109,4.06680006674553,-9.29999999999965,5.12586397920947,0,,
Interbank,septiembre,2020,-17.3473206019987,0.576566645361488,13.0790190735695,-2.95776668288004,1.33291873362156,6.65527501080064,-6.23999999999986,5.41802835455271,0,,
Interbank,octubre,2020,-16.8301341613934,0.986839251282522,2.22891566265059,-2.61388953823596,0.991012962370538,6.04939245667976,-3.30000000000041,6.4497461692164,0,,
Interbank,noviembre,2020,-19.2074632944294,-0.961213010837939,-0.23571007660577,-3.55817766380784,1.10356866659108,0.387908183788788,-2.54000000000007,5.98756484269835,0,,
Interbank,diciembre,2020,-27.6480542172077,1.77608548529198,0.649734199645596,-3.18650202274535,1.80332860444181,-1.44575446827186,0.580000000000011,6.73089958387698,0,,
Interbank,enero ,2021,-17.7191898813467,-1.49208622134618,-0.293427230046953,-3.67415269119178,-2.21018489439305,-1.42299652906534,-1.01997818269747,7.57881967569653,0,,
Interbank,febrero,2021,-26.6770124214908,3.4425930210186,-1.53031194820481,-5.26080072562716,2.74789944372049,1.22621716058651,-3.78000022559303,6.75776795157335,0,,
Interbank,marzo,2021,-1.62786675630753,0.530536857597096,0.418410041841006,-2.17732853499571,1.98300179908193,-2.57698305048058,18.2100044622133,6.23161653502974,0,,
Interbank,abril,2021,28.4831407675436,-1.88532503363894,1.25000000000001,-1.39945765517947,0.187042204027253,-1.93162694920177,58.4903436908341,10.7762309960032,0,,
